{
    "exact_match": 0.8521739130434782,
    "precision": 0.9285714285714286,
    "recall": 0.8441558441558441,
    "f1_score": 0.8843537414965986,
    "confusion_matrix": {
        "true_positives": 65,
        "true_negatives": 33,
        "false_positives": 5,
        "false_negatives": 12
    }
}